Job Title,Company,Location,Salary,Description
Senior Backend Engineer,Center,ğŸŒ Worldwide,N/A,N/A
Ruby on Rails Frontend and Backend Wizard,Hellotext,ğŸŒ Worldwide,N/A,N/A
Senior Full Stack Engineer,Tarjimly,ğŸŒ Worldwide,N/A,N/A
Senior Fullstack Developer,Pupil Labs,ğŸ‡ªğŸ‡º Europe,N/A,N/A
Senior Staff Software Engineer Backend Python,Close,ğŸ‡ºğŸ‡¸ United States,N/A,N/A
Intermediate Frontend Platform Engineer,Jane Software,ğŸ‡¨ğŸ‡¦ Canada,N/A,N/A
Front end Software Engineer,DeSci Labs,ğŸŒ Worldwide,N/A,N/A
Software engineer frontend,Sticker Mule,ğŸŒ Worldwide,N/A,N/A
Backend Software Engineer,Noxx,ğŸŒ Worldwide,N/A,N/A
Software Engineer Java,CheckedSafe,ğŸ‡ªğŸ‡º Europe,N/A,N/A
Senior React & React Native Developer,Lemon.io,ğŸ’° $60k - $100k,N/A,N/A
Senior DevOps Engineer,FetLife,ğŸŒ Worldwide,N/A,N/A
Junior Software Test Specialist,Igloo Software,ğŸ’° $45k - $80k*,N/A,N/A
DevOps Engineer,3MotionAI,ğŸ‡¨ğŸ‡¦ Canada,N/A,N/A
Senior Frontend Developer,3MotionAI,ğŸ‡¨ğŸ‡¦ Canada,N/A,N/A
Senior Backend Developer,3MotionAI,ğŸ‡¨ğŸ‡¦ Canada,N/A,N/A
Intermediate Software Developer Clinical Group,Jane Software,ğŸ‡¨ğŸ‡¦ Canada,N/A,N/A
Senior Software Developer Clinical Group,Jane Software,ğŸ‡¨ğŸ‡¦ Canada,N/A,N/A
Senior iOS Developer,3MotionAI,ğŸ‡¨ğŸ‡¦ Canada,N/A,N/A
People & Culture Generalist,Coconut Software,ğŸŒ Probably worldwide,N/A,N/A
